1732227128.3873723,74.9,0
1732227128.8122265,74.9,0
1732227128.8971643,74.9,0
1732227128.9498432,74.9,0
1732227129.0027437,74.9,0
1732227129.054802,74.9,0
1732227129.1082375,74.9,0
1732227129.1612153,74.9,0
1732227129.2138224,74.9,0
1732227129.267054,74.9,0
1732227129.3201714,74.9,0
1732227129.3742495,74.9,0
1732227129.4277453,74.9,0
1732227129.4808953,74.9,0
1732227129.534383,74.9,0
1732227129.5876327,74.9,0
1732227129.6409051,74.9,0
1732227129.6945636,74.9,0
1732227129.7483842,74.9,0
1732227129.8017578,74.9,0
1732227129.8556108,74.9,0
1732227129.9088461,74.9,0
1732227129.9627068,74.9,0
1732227130.01607,74.9,0
1732227130.069672,74.9,0
1732227130.1235838,74.9,0
1732227130.1772437,74.9,0
1732227130.2310934,9.4,-65.5
1732227130.2846854,10.3,0
1732227130.3383918,10.3,0
1732227130.392055,10.3,0
1732227130.4454944,10.3,0
1732227130.4990935,10.3,0
1732227130.5527852,10.3,0
1732227130.6064286,75.0,64.7
1732227130.6599026,75.0,0
1732227130.71391,75.0,0
1732227130.7677126,75.0,0
1732227130.8214974,75.0,0
1732227130.874663,75.0,0
1732227130.9286034,75.0,0
1732227130.981976,75.0,0
1732227131.035977,75.0,0
1732227131.0897605,75.0,0
1732227131.1432045,75.0,0
1732227131.1967945,75.0,0
1732227131.2502093,75.0,0
1732227131.3032362,75.0,0
1732227131.3563073,75.0,0
1732227131.4093745,75.0,0
1732227131.4620612,74.8,0
1732227131.5151336,74.8,0
1732227131.5680192,74.8,0
1732227131.6210039,74.8,0
1732227131.674027,74.8,0
1732227131.7270281,74.8,0
1732227131.780181,74.8,0
1732227131.8334553,74.8,0
1732227131.886481,74.8,0
1732227131.939615,74.8,0
1732227131.991763,74.8,0
1732227132.0450234,74.8,0
1732227132.0979915,75.0,0
1732227132.150634,75.4,0
1732227132.2037995,75.6,0
1732227132.256872,75.6,0
1732227132.3099458,76.2,0
1732227132.362794,76.5,0
1732227132.4156938,77.3,0
1732227132.469093,77.3,0
1732227132.522187,77.3,0
1732227132.5747776,77.3,0
1732227132.6280084,38.4,-38.9
1732227132.6812127,40.4,0
1732227132.7339983,40.4,0
1732227132.787012,39.3,0
1732227132.839977,38.3,0
1732227132.8926804,37.2,0
1732227132.946007,36.5,0
1732227132.9987447,36.2,0
1732227133.0509481,36.1,0
1732227133.1040845,35.7,0
1732227133.1575403,35.5,0
1732227133.209935,35.5,0
1732227133.2631848,34.8,0
1732227133.31615,34.9,0
1732227133.3694534,34.9,0
1732227133.4220243,34.9,0
1732227133.4749644,34.9,0
1732227133.5279858,34.9,0
1732227133.5808573,34.7,0
1732227133.6337872,34.7,0
1732227133.686756,34.7,0
1732227133.7390494,34.7,0
1732227133.7916896,34.7,0
1732227133.844074,34.9,0
1732227133.8970532,34.9,0
1732227133.9502852,34.9,0
1732227134.0034473,34.9,0
1732227134.0559592,35.3,0
1732227134.1091866,35.5,0
1732227134.162046,35.5,0
1732227134.2139385,35.5,0
1732227134.2668855,36.2,0
1732227134.3198483,36.6,0
1732227134.372659,36.4,0
1732227134.4259887,36.4,0
1732227134.4789698,54.4,18.0
1732227134.5324395,38.9,-15.5
1732227134.5855083,38.0,0
1732227134.6385722,38.2,0
1732227134.6921113,53.8,15.599999999999994
1732227134.7451227,54.4,0
1732227134.7981787,39.2,-15.199999999999996
1732227134.8512805,53.6,14.399999999999999
1732227134.9045022,40.1,-13.5
1732227134.957559,42.0,0
1732227135.0106118,40.8,0
1732227135.0635297,39.2,0
1732227135.1159408,40.1,0
1732227135.1689987,39.3,0
1732227135.2218337,39.1,0
1732227135.2740977,38.4,0
1732227135.3271468,38.4,0
1732227135.3802023,38.0,0
1732227135.4334884,38.0,0
1732227135.4863744,38.0,0
1732227135.5396738,38.0,0
1732227135.5926178,37.6,0
1732227135.645112,37.6,0
1732227135.6981523,37.6,0
1732227135.7532508,37.6,0
1732227135.8057065,37.6,0
1732227135.8586898,37.6,0
1732227135.9119186,38.0,0
1732227135.965182,38.0,0
1732227136.0182316,38.0,0
1732227136.0714808,38.2,0
1732227136.1244805,38.4,0
1732227136.1775527,38.4,0
1732227136.2301617,38.9,0
1732227136.2827783,38.9,0
1732227136.335819,39.3,0
1732227136.38919,39.2,0
1732227136.442376,40.1,0
1732227136.4953582,40.3,0
1732227136.5485225,40.8,0
1732227136.6014485,42.0,0
1732227136.6544611,42.0,0
1732227136.7074168,43.9,0
1732227136.760096,43.9,0
1732227136.813042,43.9,0
1732227136.8661528,43.9,0
1732227136.919547,43.9,0
1732227136.9723587,255.0,211.1
1732227137.0255551,81.0,-174.0
1732227137.0784285,81.2,0
1732227137.1314394,80.4,0
1732227137.1844225,79.6,0
1732227137.2369034,79.2,0
1732227137.2902052,78.6,0
1732227137.3433537,78.6,0
1732227137.3963284,78.0,0
1732227137.4487002,78.0,0
1732227137.501882,77.3,0
1732227137.5545442,77.4,0
1732227137.607453,77.4,0
1732227137.6605873,77.4,0
1732227137.713775,77.4,0
1732227137.7668173,77.4,0
1732227137.8197255,77.4,0
1732227137.8726788,77.4,0
1732227137.9251676,77.1,0
1732227137.9783866,77.1,0
1732227138.0306675,77.1,0
1732227138.0834303,77.4,0
1732227138.1363595,77.4,0
1732227138.1888962,77.3,0
1732227138.240784,77.3,0
1732227138.293146,78.0,0
1732227138.3456807,78.0,0
1732227138.3982716,77.9,0
1732227138.4511778,78.8,0
1732227138.5040224,78.8,0
1732227138.5565689,79.4,0
1732227138.6089854,80.4,0
1732227138.661296,80.4,0
1732227138.713321,81.9,0
1732227138.7654395,109.7,27.799999999999997
1732227138.8176255,109.6,0
1732227138.8699892,109.7,0
1732227138.922331,109.7,0
1732227138.9743829,81.8,-27.900000000000006
1732227139.0269105,109.8,28.0
1732227139.0794535,79.2,-30.599999999999994
1732227139.1321526,78.0,0
1732227139.1844454,77.0,0
1732227139.236444,76.4,0
1732227139.2895997,75.8,0
1732227139.3417299,75.4,0
1732227139.3938572,75.4,0
1732227139.4458058,75.4,0
1732227139.4976864,75.4,0
1732227139.5495381,75.4,0
1732227139.6019928,32.6,-42.800000000000004
1732227139.654305,32.6,0
1732227139.7070124,32.6,0
1732227139.7592556,32.6,0
1732227139.8151448,32.6,0
1732227139.8676512,32.6,0
1732227139.9201958,32.6,0
1732227139.9746318,74.4,41.800000000000004
1732227140.029781,74.4,0
1732227140.084463,74.8,0
1732227140.139468,74.8,0
1732227140.194773,74.8,0
1732227140.2490368,74.8,0
1732227140.3043165,74.8,0
1732227140.3596606,74.8,0
1732227140.4153354,74.8,0
1732227140.470585,74.8,0
1732227140.5262074,74.8,0
1732227140.5823967,74.8,0
1732227140.6378942,74.8,0
1732227140.693421,75.4,0
1732227140.749369,75.7,0
1732227140.806004,75.7,0
1732227140.8622384,77.0,0
1732227140.9188638,77.2,0
1732227140.9755569,77.3,0
1732227141.0333395,77.3,0
1732227141.0904307,39.2,-38.099999999999994
1732227141.1479378,39.1,0
1732227141.2060182,38.9,0
1732227141.2634397,39.3,0
1732227141.321297,37.6,0
1732227141.3792837,37.6,0
1732227141.4376702,36.5,0
1732227141.4960651,36.2,0
1732227141.5547545,36.1,0
1732227141.613828,35.5,0
1732227141.6721325,35.3,0
1732227141.7309532,34.9,0
1732227141.790167,34.9,0
1732227141.8500109,34.9,0
1732227141.9097624,34.9,0
1732227141.96933,34.7,0
1732227142.0291674,34.7,0
1732227142.0885782,34.7,0
1732227142.1488068,34.7,0
1732227142.2089489,34.7,0
1732227142.269273,34.7,0
1732227142.3286388,34.7,0
1732227142.388987,34.9,0
1732227142.449478,34.9,0
1732227142.5104108,35.3,0
1732227142.571124,35.5,0
1732227142.6323285,35.5,0
1732227142.6932597,35.5,0
1732227142.7543378,35.7,0
1732227142.8150141,36.6,0
1732227142.8771164,36.5,0
1732227142.9394777,37.0,0
1732227143.0043473,54.4,17.4
1732227143.067014,40.1,-14.299999999999997
1732227143.1292648,38.3,0
1732227143.191413,38.4,0
1732227143.2550201,42.9,-10.800000000000004
1732227143.3165436,40.1,0
1732227143.3792596,53.7,13.600000000000001
1732227143.442785,40.4,-13.300000000000004
1732227143.5059335,41.1,0
1732227143.5693061,39.2,0
1732227143.6331835,39.9,0
1732227143.6954002,39.3,0
1732227143.7588453,38.9,0
1732227143.8230724,38.2,0
1732227143.887829,38.3,0
1732227143.9519112,38.0,0
1732227144.0161324,38.0,0
1732227144.0787868,38.0,0
1732227144.1415005,38.0,0
1732227144.2039568,38.0,0
1732227144.2669961,38.0,0
1732227144.3287864,38.0,0
1732227144.390915,38.0,0
1732227144.4538808,38.0,0
1732227144.5167723,38.3,0
1732227144.579332,38.3,0
1732227144.6427443,38.3,0
1732227144.7056258,38.4,0
1732227144.7685096,38.9,0
1732227144.8303523,39.2,0
1732227144.891237,39.5,0
1732227144.9492047,39.7,0
1732227145.007134,40.1,0
1732227145.064745,41.2,0
1732227145.1207218,41.6,0
1732227145.1753616,42.0,0
1732227145.2291336,42.9,0
1732227145.282266,43.3,0
1732227145.3344326,43.3,0
1732227145.386854,43.3,0
1732227145.438215,43.3,0
1732227145.4898643,43.3,0
1732227145.5417297,255.0,211.7
1732227145.5938795,81.7,-173.3
1732227145.646774,81.2,0
1732227145.6986275,80.2,0
1732227145.7512527,79.2,0
1732227145.8040962,78.8,0
1732227145.8568769,78.0,0
1732227145.9096372,78.0,0
1732227145.962505,78.0,0
1732227146.0152233,77.3,0
1732227146.067616,77.3,0
1732227146.1200309,77.4,0
1732227146.1728399,77.4,0
1732227146.225912,77.4,0
1732227146.2782502,77.4,0
1732227146.330797,77.4,0
1732227146.3825428,77.4,0
1732227146.4345386,77.4,0
1732227146.4865963,77.4,0
1732227146.5388734,77.4,0
1732227146.5908618,77.4,0
1732227146.6429691,77.3,0
1732227146.6950736,77.3,0
1732227146.7473216,77.3,0
1732227146.7989647,77.3,0
1732227146.8511536,77.9,0
1732227146.9032962,77.9,0
1732227146.9549935,78.8,0
1732227147.0067518,78.8,0
1732227147.0590882,79.0,0
1732227147.1107013,79.6,0
1732227147.1628296,80.0,0
1732227147.2148285,81.2,0
1732227147.267047,110.1,28.89999999999999
1732227147.3191717,94.7,-15.399999999999991
1732227147.3715782,110.1,15.399999999999991
1732227147.4235423,109.7,0
1732227147.4759145,82.6,-27.10000000000001
1732227147.5280976,110.1,27.5
1732227147.5804703,110.1,0
1732227147.6323955,78.8,-31.299999999999997
1732227147.684264,77.4,0
1732227147.7362185,76.5,0
1732227147.7886195,76.2,0
1732227147.840259,75.8,0
1732227147.8923507,75.8,0
1732227147.9449606,75.8,0
1732227147.997127,75.8,0
1732227148.0492508,75.8,0
1732227148.1015055,74.6,0
1732227148.1538126,74.8,0
1732227148.2057884,32.6,-42.199999999999996
1732227148.2578418,32.6,0
1732227148.309983,32.6,0
1732227148.362113,32.6,0
1732227148.4141996,32.6,0
1732227148.4664745,74.2,41.6
1732227148.518111,74.2,0
1732227148.569915,74.4,0
1732227148.6264656,74.8,0
1732227148.67949,74.8,0
1732227148.731558,74.8,0
1732227148.7835672,74.8,0
1732227148.8359435,74.8,0
1732227148.888,74.8,0
1732227148.9402785,74.8,0
1732227148.9918613,74.8,0
1732227149.043578,74.8,0
1732227149.095982,74.8,0
1732227149.1484501,74.8,0
1732227149.200734,74.8,0
1732227149.252666,75.8,0
1732227149.304997,76.4,0
1732227149.3569841,76.4,0
1732227149.4094508,77.3,0
1732227149.4619114,77.3,0
1732227149.5142453,77.3,0
1732227149.5677812,77.3,0
1732227149.6198428,77.3,0
1732227149.67211,38.4,-38.9
1732227149.7239885,38.9,0
1732227149.7889247,37.6,0
1732227149.84213,37.6,0
1732227149.894445,37.2,0
1732227149.9464226,36.6,0
1732227149.998154,36.1,0
1732227150.0497718,35.7,0
1732227150.102455,35.5,0
1732227150.1551976,35.5,0
1732227150.2083251,35.3,0
1732227150.262967,34.9,0
1732227150.3166728,34.9,0
1732227150.3686795,34.9,0
1732227150.4210255,34.7,0
1732227150.4723468,34.7,0
1732227150.52448,34.7,0
1732227150.576505,34.7,0
1732227150.6286101,34.7,0
1732227150.6805346,34.7,0
1732227150.7327769,34.7,0
1732227150.7851608,34.7,0
1732227150.8376899,34.7,0
1732227150.8901813,34.9,0
1732227150.943121,34.9,0
1732227150.9960148,34.9,0
1732227151.0486808,34.9,0
1732227151.1014283,35.3,0
1732227151.154329,35.5,0
1732227151.2074637,35.5,0
1732227151.2604046,35.7,0
1732227151.3140035,36.1,0
1732227151.3677664,37.2,0
1732227151.4211655,36.5,0
1732227151.4746742,36.6,0
1732227151.5281327,37.4,0
1732227151.5821033,53.8,16.4
1732227151.635987,39.1,-14.699999999999996
1732227151.6900496,38.2,0
1732227151.743636,40.3,0
1732227151.7973087,42.4,0
1732227151.8515298,54.0,11.600000000000001
1732227151.9058397,40.3,-13.700000000000003
1732227151.9601912,41.6,0
1732227152.0140314,40.8,0
1732227152.0684736,41.0,0
1732227152.1236205,40.1,0
1732227152.1780806,39.9,0
1732227152.2327366,39.1,0
1732227152.2878637,38.9,0
1732227152.3422234,38.9,0
1732227152.397124,38.4,0
1732227152.4516644,38.3,0
1732227152.5069277,38.3,0
1732227152.5623572,38.3,0
1732227152.6177776,38.3,0
1732227152.6729617,38.0,0
1732227152.728876,38.0,0
1732227152.7842681,38.0,0
1732227152.8399775,38.0,0
1732227152.8961232,38.2,0
1732227152.9526331,38.2,0
1732227153.0084615,38.3,0
1732227153.0649924,38.3,0
1732227153.1214957,38.3,0
1732227153.1778042,38.5,0
1732227153.2346866,38.9,0
1732227153.2917328,38.9,0
1732227153.3487897,39.1,0
1732227153.406455,39.7,0
1732227153.4638076,40.1,0
1732227153.5210645,40.4,0
1732227153.5784445,40.8,0
1732227153.6360052,42.0,0
1732227153.693614,42.5,0
1732227153.7518861,43.3,0
1732227153.8100436,43.9,0
1732227153.868225,43.9,0
1732227153.9268866,43.9,0
1732227153.9850237,43.9,0
1732227154.0435197,255.0,211.1
1732227154.1025288,89.3,-165.7
1732227154.1609883,80.8,-8.5
1732227154.219553,79.6,0
1732227154.2785628,79.2,0
1732227154.3373375,79.2,0
1732227154.3959687,78.6,0
1732227154.461397,77.9,0
1732227154.5208662,78.0,0
1732227154.5808733,77.4,0
1732227154.639867,77.3,0
1732227154.6996927,77.3,0
1732227154.7588775,77.4,0
1732227154.8183572,77.4,0
1732227154.878164,77.4,0
1732227154.937577,77.4,0
1732227154.9980128,77.4,0
1732227155.0578058,77.4,0
1732227155.119769,77.3,0
1732227155.1798933,77.6,0
1732227155.2397125,77.3,0
1732227155.300082,78.0,0
1732227155.360061,78.0,0
1732227155.4202642,78.0,0
1732227155.4803736,78.8,0
1732227155.540976,78.8,0
1732227155.6018467,78.8,0
1732227155.6625483,79.4,0
1732227155.7224736,81.0,0
1732227155.7831962,88.3,0
1732227155.8435128,110.1,21.799999999999997
1732227155.9044125,110.1,0
1732227155.9647033,110.1,0
1732227156.0254438,110.1,0
1732227156.0860312,110.1,0
1732227156.1484678,78.6,-31.5
1732227156.2088494,77.2,0
1732227156.2704124,76.6,0
1732227156.333011,76.2,0
1732227156.3942158,75.6,0
1732227156.4554574,75.6,0
1732227156.5175555,75.6,0
1732227156.57924,74.8,0
1732227156.6408088,32.6,-42.199999999999996
1732227156.702167,32.6,0
1732227156.763957,32.6,0
1732227156.825816,32.6,0
1732227156.8877592,32.1,0
1732227156.9498475,32.6,0
1732227157.0122027,74.2,41.6
1732227157.074428,74.2,0
1732227157.1373305,74.4,0
1732227157.199979,74.4,0
1732227157.262074,74.4,0
1732227157.325353,74.4,0
1732227157.38819,74.4,0
1732227157.451246,74.8,0
1732227157.5144508,74.8,0
1732227157.5771837,74.8,0
1732227157.639863,74.8,0
1732227157.703333,74.8,0
1732227157.7672856,74.8,0
1732227157.8310525,75.8,0
1732227157.8948212,76.5,0
1732227157.9577396,77.4,0
1732227158.0209327,78.4,0
1732227158.0842216,78.0,0
1732227158.1485,39.9,-18.700000000000003
1732227158.2128708,38.9,0
1732227158.2772844,38.9,0
1732227158.3413377,38.3,0
1732227158.4058871,37.6,0
1732227158.4707499,36.6,0
1732227158.5360487,36.1,0
1732227158.600849,35.7,0
1732227158.6653247,35.5,0
1732227158.7304282,35.3,0
1732227158.7956004,34.9,0
1732227158.8603094,34.9,0
1732227158.9254591,34.7,0
1732227158.9903498,34.7,0
1732227159.055616,34.7,0
1732227159.120641,34.7,0
1732227159.1871603,34.7,0
1732227159.253271,34.7,0
1732227159.3190646,34.7,0
1732227159.38555,34.7,0
1732227159.4514294,34.7,0
1732227159.5179744,34.9,0
1732227159.58403,34.9,0
1732227159.6496885,35.3,0
1732227159.7159665,35.7,0
1732227159.7826533,35.5,0
1732227159.848713,36.2,0
1732227159.9149354,37.2,0
1732227159.9821217,37.6,0
1732227160.0485833,37.4,0
1732227160.1152785,54.4,17.0
1732227160.1821384,54.0,0
1732227160.2488942,38.4,-15.600000000000001
1732227160.3158202,44.8,0
1732227160.3833244,54.4,9.600000000000001
1732227160.4503396,41.0,-13.399999999999999
1732227160.5174215,55.1,14.100000000000001
1732227160.5829227,41.2,0
1732227160.6505704,39.7,0
1732227160.717927,39.7,0
1732227160.7856379,39.2,0
1732227160.8529587,38.9,0
1732227160.9205117,38.5,0
1732227160.9885654,38.5,0
1732227161.0565183,38.3,0
1732227161.1242821,38.3,0
1732227161.1929643,38.3,0
1732227161.2608724,38.3,0
1732227161.3291373,38.3,0
1732227161.3974953,38.3,0
1732227161.465729,38.3,0
1732227161.5342011,38.5,0
1732227161.603404,38.5,0
1732227161.672101,38.5,0
1732227161.740882,38.9,0
1732227161.8095288,39.1,0
1732227161.8785012,39.2,0
1732227161.9469678,39.7,0
1732227162.0161636,40.8,0
1732227162.085139,41.0,0
1732227162.154242,42.5,0
1732227162.2240608,42.8,0
1732227162.2939672,43.5,0
1732227162.3640523,43.5,0
1732227162.43343,43.5,0
1732227162.5031826,43.5,0
1732227162.5733552,94.5,51.0
1732227162.642956,81.9,-8.899999999999991
1732227162.7128756,80.4,0
1732227162.7832096,79.6,0
1732227162.853176,78.8,0
1732227162.9243205,78.8,0
1732227162.9956434,77.9,0
1732227163.066734,78.0,0
1732227163.1376135,78.0,0
1732227163.2092743,77.3,0
1732227163.2802205,77.3,0
1732227163.3516722,77.3,0
1732227163.4235492,77.3,0
1732227163.4949572,77.3,0
1732227163.5661833,77.6,0
1732227163.6378632,77.6,0
1732227163.7098458,77.3,0
1732227163.7822204,77.8,0
1732227163.8540432,77.9,0
1732227163.9259381,77.9,0
1732227163.9989667,78.8,0
1732227164.0707927,78.8,0
1732227164.1426702,79.4,0
1732227164.2149243,80.4,0
1732227164.2871552,82.6,0
1732227164.359731,109.8,27.200000000000003
1732227164.4321842,109.6,0
1732227164.5045707,109.2,0
1732227164.5776188,109.0,0
1732227164.650281,110.1,0
1732227164.7234766,110.1,0
1732227164.7966769,78.8,-31.299999999999997
1732227164.869341,75.7,0
1732227164.942858,75.0,0
1732227165.01614,75.0,0
1732227165.0892293,75.0,0
1732227165.1624017,32.6,-42.4
1732227165.235449,74.4,41.800000000000004
1732227165.3089795,74.4,0
1732227165.3820329,74.4,0
1732227165.4564319,74.4,0
1732227165.5294454,74.4,0
1732227165.6032155,74.0,0
1732227165.6769116,74.4,0
1732227165.7505946,74.4,0
1732227165.8246534,74.4,0
1732227165.898648,74.4,0
1732227165.972354,74.4,0
1732227166.0471485,74.4,0
1732227166.1208346,74.4,0
1732227166.1949456,74.4,0
1732227166.2694488,75.0,0
1732227166.3440838,75.6,0
1732227166.4188638,76.6,0
1732227166.4933136,77.0,0
1732227166.5678458,77.9,0
1732227166.6431494,56.1,-21.800000000000004
1732227166.7177188,39.7,-16.4
1732227166.7928572,38.3,0
1732227166.8680885,37.6,0
1732227166.9437773,37.6,0
1732227167.0191765,36.6,0
1732227167.0942812,35.7,0
1732227167.1694748,35.7,0
1732227167.2450533,35.3,0
1732227167.3202686,34.9,0
1732227167.3960202,34.9,0
1732227167.471691,34.7,0
1732227167.5481238,34.7,0
1732227167.624345,34.7,0
1732227167.700429,34.7,0
1732227167.776875,34.7,0
1732227167.853632,34.7,0
1732227167.930554,34.7,0
1732227168.0076685,34.7,0
1732227168.084944,34.9,0
1732227168.193169,34.9,0
1732227168.2700813,35.7,0
1732227168.3470035,35.5,0
1732227168.4244866,36.1,0
1732227168.5021498,37.6,0
1732227168.5778646,37.4,0
1732227168.653891,54.6,16.300000000000004
1732227168.7296715,54.2,0
1732227168.8056056,39.3,0
1732227168.8819108,42.7,0
1732227168.958048,54.2,11.5
1732227169.034573,42.8,0
1732227169.1108983,39.9,0
1732227169.186978,40.1,0
1732227169.2636278,39.7,0
1732227169.3402112,39.1,0
1732227169.4165263,39.1,0
1732227169.4933693,38.5,0
1732227169.5703206,38.5,0
1732227169.6477618,38.5,0
1732227169.7251859,38.3,0
1732227169.802066,38.3,0
1732227169.879496,38.3,0
1732227169.956427,38.5,0
1732227170.0349143,38.5,0
1732227170.1124551,38.5,0
1732227170.189772,39.1,0
1732227170.2678099,39.1,0
1732227170.3455954,39.3,0
1732227170.4238374,39.3,0
1732227170.5020363,39.9,0
1732227170.5799978,41.0,0
1732227170.658845,42.4,0
1732227170.7367902,43.7,0
1732227170.8148584,43.9,0
1732227170.8930545,43.9,0
1732227170.9717116,43.9,0
1732227171.0505424,255.0,211.1
1732227171.1288395,88.3,0
1732227171.207769,81.9,0
1732227171.286881,80.0,0
1732227171.366069,79.0,0
1732227171.4448087,78.4,0
1732227171.5243268,78.4,0
1732227171.6028981,78.0,0
1732227171.6822712,77.8,0
1732227171.760914,77.3,0
1732227171.8399925,77.3,0
1732227171.9196239,77.3,0
1732227171.9988186,77.3,0
1732227172.0780556,77.3,0
1732227172.1572533,77.3,0
1732227172.2366166,77.8,0
1732227172.3161938,77.8,0
1732227172.3967752,78.2,0
1732227172.4763494,78.4,0
1732227172.5563986,78.8,0
1732227172.6358912,79.4,0
1732227172.7159095,80.0,0
1732227172.7956433,81.0,0
1732227172.8762126,109.2,27.400000000000006
1732227172.9564917,109.2,0
1732227173.0374978,82.7,-27.200000000000003
1732227173.1179352,78.6,-31.200000000000003
1732227173.1988587,78.0,0
1732227173.2795932,77.0,0
1732227173.360112,76.5,0
1732227173.4413486,75.8,0
1732227173.523257,75.8,0
1732227173.6035986,75.8,0
1732227173.6845999,75.8,0
1732227173.7641144,75.8,0
1732227173.8454618,74.4,0
1732227173.9263873,74.4,0
1732227174.0063288,74.4,0
1732227174.090194,74.4,0
1732227174.1707208,74.4,0
1732227174.251758,74.4,0
1732227174.3338146,74.4,0
1732227174.4157395,74.4,0
1732227174.4982564,74.8,0
1732227174.5803022,74.8,0
1732227174.6626341,74.8,0
1732227174.744954,74.8,0
1732227174.8268461,32.1,-42.699999999999996
1732227174.9099646,32.6,0
1732227174.9917648,32.6,0
1732227175.0745356,45.4,12.799999999999997
1732227175.1572416,45.4,0
1732227175.2401597,9.1,-36.3
1732227175.3244648,10.1,0
1732227175.4068084,10.1,0
1732227175.491303,10.1,0
1732227175.5730546,10.1,0
1732227175.6556005,10.1,0
1732227175.738931,10.1,0
1732227175.8224497,44.7,0
1732227175.9065437,44.7,0
1732227175.9893277,44.7,0
1732227176.072543,44.7,0
1732227176.1560247,44.7,0
1732227176.2393155,44.7,0
1732227176.3231611,44.7,0
1732227176.4064314,44.7,0
1732227176.490163,38.0,0
1732227176.5742521,36.6,0
1732227176.6573684,35.5,0
1732227176.74135,35.5,0
1732227176.8256822,35.3,0
1732227176.9121354,34.9,0
1732227176.9962084,34.7,0
1732227177.0808725,34.7,0
1732227177.1658914,34.7,0
1732227177.2505636,34.5,0
1732227177.336512,34.5,0
1732227177.4215417,34.5,0
1732227177.5082104,34.7,0
1732227177.5919824,34.7,0
1732227177.677082,34.8,0
1732227177.76319,34.9,0
1732227177.8487298,35.3,0
1732227177.935222,35.7,0
1732227178.020647,36.1,0
1732227178.106306,38.0,0
1732227178.1919367,37.0,0
1732227178.2776666,54.6,16.300000000000004
1732227178.365063,40.4,-14.200000000000003
1732227178.451197,40.3,0
1732227178.537694,48.3,8.0
1732227178.623932,41.6,0
1732227178.7103326,10.1,0
1732227178.7968333,10.1,0
1732227178.8837357,39.9,29.799999999999997
1732227178.970549,9.5,0
1732227179.0596292,41.0,31.5
1732227179.1463125,32.6,-8.399999999999999
1732227179.2328382,32.6,0
1732227179.3198879,32.6,0
1732227179.4063368,32.6,0
1732227179.4926968,32.6,0
1732227179.5797534,32.6,0
1732227179.667136,38.4,0
1732227179.754361,39.1,0
1732227179.841243,38.5,0
1732227179.9288707,38.5,0
1732227180.0161457,38.5,0
1732227180.103801,38.0,0
1732227180.19162,38.5,0
1732227180.279405,38.5,0
1732227180.3676796,38.4,0
1732227180.4556463,39.1,0
1732227180.5436924,39.3,0
1732227180.6313376,39.9,0
1732227180.7193305,40.3,0
1732227180.8074682,40.3,0
1732227180.8948655,42.4,0
1732227180.9836836,43.5,0
1732227181.0723114,43.5,0
1732227181.1606922,43.5,0
1732227181.2490096,255.0,211.5
1732227181.33811,93.9,0
1732227181.4267335,81.2,-12.700000000000003
1732227181.515488,80.0,0
1732227181.604165,78.8,0
1732227181.6926003,78.4,0
1732227181.7821982,78.0,0
1732227181.870882,77.8,0
1732227181.9604354,77.3,0
1732227182.0493724,77.3,0
1732227182.1384742,77.3,0
1732227182.2278676,77.3,0
1732227182.3171904,77.3,0
1732227182.4067214,77.3,0
1732227182.4966972,77.8,0
1732227182.5860012,78.4,0
1732227182.6760783,78.4,0
1732227182.7661662,78.8,0
1732227182.8560817,79.6,0
1732227182.9458811,80.4,0
1732227183.036911,110.0,30.599999999999994
1732227183.1275153,110.2,30.200000000000003
1732227183.2181516,110.0,0
1732227183.3091133,77.0,0
1732227183.4002762,77.8,0
1732227183.490341,76.4,0
1732227183.5814936,75.4,0
1732227183.6721313,75.0,0
1732227183.7629204,75.0,0
1732227183.8545272,75.0,0
1732227183.9458559,74.4,0
1732227184.0369387,74.4,0
1732227184.1278698,74.2,0
1732227184.2197018,74.2,0
1732227184.310579,74.2,0
1732227184.4030795,74.2,0
1732227184.4944518,74.2,0
1732227184.5871809,74.4,0
1732227184.67819,74.4,0
1732227184.7701836,74.8,0
1732227184.8618703,74.8,0
1732227184.9542232,74.8,0
1732227185.0462565,74.8,0
1732227185.138384,75.7,0
1732227185.230225,77.3,0
1732227185.322933,77.3,0
1732227185.4157612,84.3,0
1732227185.5077922,38.4,0
1732227185.6006486,38.0,0
1732227185.6935065,37.0,0
1732227185.7864852,35.7,0
1732227185.8796184,35.7,0
1732227185.9729667,35.3,0
1732227186.0663264,34.8,0
1732227186.1593509,34.7,0
1732227186.2523127,34.5,0
1732227186.3454812,34.5,0
1732227186.4388638,13.7,-20.3
1732227186.5333853,10.3,0
1732227186.6266785,10.3,0
1732227186.7208688,10.3,0
1732227186.815228,34.8,0
1732227186.9091675,34.8,0
1732227187.0029957,34.8,0
1732227187.097306,34.8,0
1732227187.1922061,34.8,0
1732227187.2869647,34.8,0
1732227187.3820176,34.8,0
1732227187.4765983,34.8,0
1732227187.5715916,35.7,0
1732227187.6664002,36.4,0
1732227187.7611594,36.6,0
1732227187.8562987,38.5,0
1732227187.9521472,37.6,0
1732227188.0481622,43.7,0
1732227188.1449072,39.9,-14.700000000000003
1732227188.2402987,41.0,0
1732227188.3359993,42.0,0
1732227188.4315681,41.2,0
1732227188.5265412,40.1,0
1732227188.6224906,39.9,0
1732227188.718541,39.3,0
1732227188.8141778,38.9,0
1732227188.9093778,38.4,0
1732227189.0054505,38.4,0
1732227189.101755,38.4,0
1732227189.198052,38.4,0
1732227189.29448,38.4,0
1732227189.391078,38.4,0
1732227189.4882386,38.4,0
1732227189.5850427,38.9,0
1732227189.6815562,39.2,0
1732227189.7780912,40.1,0
1732227189.8753164,40.3,0
1732227189.9717162,41.8,0
1732227190.0684602,42.8,0
1732227190.1653981,44.3,0
1732227190.2627242,44.3,0
1732227190.3605316,44.3,0
1732227190.457828,93.3,49.0
1732227190.5555098,81.4,0
1732227190.6535654,80.0,0
1732227190.7508223,78.8,0
1732227190.8490894,78.4,0
1732227190.9462664,77.9,0
1732227191.0448031,77.8,0
1732227191.1426826,77.3,0
1732227191.2406986,77.3,0
1732227191.3387918,77.3,0
1732227191.4370153,77.3,0
1732227191.5348365,77.8,0
1732227191.633491,77.8,0
1732227191.7320964,78.2,0
1732227191.831045,78.2,0
1732227191.9299614,78.8,0
1732227192.0284,80.0,0
1732227192.1272988,80.2,0
1732227192.2261431,81.2,0
1732227192.3245661,109.2,0
1732227192.4236882,109.2,27.60000000000001
1732227192.5228436,77.0,0
1732227192.622239,75.8,0
1732227192.7220473,75.4,0
1732227192.821179,75.4,0
1732227192.920766,75.4,0
1732227193.0206075,74.8,0
1732227193.1212,74.2,0
1732227193.221091,74.2,0
1732227193.3213456,74.2,0
1732227193.421231,74.0,0
1732227193.5215898,74.2,0
1732227193.6213024,74.2,0
1732227193.7211957,74.2,0
1732227193.8213592,74.4,0
1732227193.9221342,74.8,0
1732227194.0225677,74.8,0
1732227194.1232603,74.8,0
1732227194.2237108,74.8,0
1732227194.3245418,76.4,0
1732227194.4242494,78.4,0
1732227194.5258167,84.1,0
1732227194.627627,84.1,0
1732227194.729189,37.6,0
1732227194.8302796,36.6,0
1732227194.9313564,35.7,0
1732227195.0326295,35.3,0
1732227195.134676,34.8,0
1732227195.23647,34.5,0
1732227195.337503,34.5,0
1732227195.439333,34.5,0
1732227195.5406482,34.9,0
1732227195.6419294,34.9,0
1732227195.7435768,34.9,0
1732227195.845685,34.9,0
1732227195.9486,34.9,0
1732227196.0505726,34.9,0
1732227196.15264,36.6,0
1732227196.2553077,35.7,0
1732227196.3590794,37.4,0
1732227196.4621992,38.0,0
1732227196.565705,40.8,0
1732227196.6685526,53.5,9.799999999999997
1732227196.7728987,55.0,0
1732227196.8761024,54.4,0
1732227196.9802074,7.7,0
1732227197.0843492,40.3,0
1732227197.188186,40.3,0
1732227197.2911754,40.3,0
1732227197.394635,40.3,0
1732227197.4987447,40.3,0
1732227197.602933,38.9,0
1732227197.7066488,38.5,0
1732227197.8112109,38.4,0
1732227197.9160275,38.3,0
1732227198.0206347,38.4,0
1732227198.1249914,38.9,0
1732227198.2287774,38.9,0
1732227198.3337572,39.3,0
1732227198.4380696,39.2,0
1732227198.5434334,40.1,0
1732227198.6490207,40.8,0
1732227198.7541697,41.8,0
1732227198.8588278,43.3,0
1732227198.9637125,43.9,0
1732227199.0692556,43.9,0
1732227199.1743994,43.9,0
1732227199.279744,81.9,-12.199999999999989
1732227199.3853965,80.0,0
1732227199.4907837,78.8,0
1732227199.5969117,78.4,0
1732227199.7025719,77.9,0
1732227199.8089592,77.8,0
1732227199.9146535,77.6,0
1732227200.020974,77.3,0
1732227200.1270344,77.3,0
1732227200.2323978,77.3,0
1732227200.339399,77.8,0
1732227200.4457836,77.8,0
1732227200.5511906,78.4,0
1732227200.6585386,78.8,0
1732227200.7648535,78.8,0
1732227200.871245,80.4,0
1732227200.9787908,110.0,28.400000000000006
1732227201.086061,109.7,27.900000000000006
1732227201.193544,77.4,0
1732227201.301484,76.4,0
1732227201.4088802,77.4,0
1732227201.5154765,80.2,-30.299999999999997
1732227201.622095,111.3,0
1732227201.7291758,111.3,0
1732227201.8368013,32.6,0
1732227201.9432044,32.6,0
1732227202.0510204,74.4,0
1732227202.1586454,74.4,0
1732227202.2664497,74.8,0
1732227202.3743947,74.8,0
1732227202.4817767,24.1,0
1732227202.5899057,13.8,0
1732227202.6982296,9.5,0
1732227202.8063285,14.9,0
1732227202.9137619,3.8,-11.100000000000001
1732227203.0221534,4.4,0
1732227203.130143,5.0,0
1732227203.2384615,6.7,0
1732227203.3462393,6.7,0
1732227203.4547973,74.4,0
1732227203.5643358,74.8,0
1732227203.6731343,74.4,0
1732227203.781752,74.4,0
1732227203.890806,5.8,-68.60000000000001
1732227203.9995832,5.0,0
1732227204.1087527,5.0,0
1732227204.2180326,5.8,0
1732227204.327654,7.7,0
1732227204.436946,74.4,66.7
1732227204.5459442,74.8,0
1732227204.6548207,74.8,0
1732227204.764668,74.4,0
1732227204.8745155,74.4,0
1732227204.9838233,5.0,0
1732227205.0937128,5.0,0
1732227205.2042756,5.0,0
1732227205.3145688,7.2,0
1732227205.424206,8.2,0
1732227205.5343652,255.0,246.8
1732227205.6431775,255.0,0
1732227205.7510123,77.0,0
1732227205.8598313,75.6,0
1732227205.9689977,75.6,0
1732227206.0777493,75.6,0
1732227206.187709,73.6,0
1732227206.2965808,73.6,0
1732227206.4049485,73.6,0
1732227206.5139143,74.0,0
1732227206.623205,32.6,-41.6
1732227206.7324903,19.8,0
1732227206.8423457,32.6,0
1732227206.9524326,32.6,0
1732227207.0626662,32.8,0
1732227207.1721299,32.8,0
1732227207.2816234,12.1,-70.80000000000001
1732227207.3921967,32.6,19.8
1732227207.5026388,13.5,-19.1
1732227207.6127157,13.5,0
1732227207.7237651,13.5,0
1732227207.8337657,32.6,10.600000000000001
1732227207.94464,75.6,42.99999999999999
1732227208.0555484,75.6,0
1732227208.1659558,32.6,-42.99999999999999
1732227208.2781956,39.7,0
1732227208.3895264,32.6,0
1732227208.5002227,20.4,0
1732227208.6117344,20.3,0
1732227208.7236953,32.6,11.5
1732227208.834907,32.6,0
1732227208.9466858,32.6,0
1732227209.0581057,23.5,-9.100000000000001
1732227209.1695597,19.0,0
1732227209.281414,21.1,0
1732227209.3929443,32.6,10.700000000000003
1732227209.5049047,32.6,0
1732227209.614349,32.6,0
1732227209.7246306,21.9,-10.700000000000003
1732227209.8340292,20.4,0
1732227209.943054,32.6,12.200000000000003
1732227210.0526338,21.3,-11.3
1732227210.1625574,25.0,-11.600000000000001
1732227210.2726429,32.6,0
1732227210.3821232,32.1,0
1732227210.4921474,42.8,0
1732227210.6016808,32.6,0
1732227210.7113087,32.6,0
1732227210.8219166,32.6,0
1732227210.9319496,32.6,0
1732227211.0430799,32.6,0
1732227211.1545959,35.5,0
1732227211.2651918,34.9,0
1732227211.3764472,34.7,0
1732227211.487157,34.7,0
1732227211.598319,34.5,0
1732227211.7091517,34.5,0
1732227211.8206906,34.5,0
1732227211.9316235,23.5,-10.299999999999997
1732227212.0421865,22.1,0
1732227212.1535308,22.1,-10.5
1732227212.2651973,19.9,0
1732227212.3773553,20.3,0
1732227212.489006,21.1,0
1732227212.60034,21.9,0
1732227212.7120707,21.7,0
1732227212.8238661,21.7,0
1732227212.9360394,32.6,8.700000000000003
1732227213.047166,32.6,0
1732227213.1590478,32.6,0
1732227213.2709868,32.6,0
1732227213.3831391,22.5,-10.100000000000001
1732227213.4954555,21.7,0
1732227213.6072638,21.7,0
1732227213.7194374,32.6,9.8
1732227213.8316727,32.6,0
1732227213.9438326,32.6,0
1732227214.056005,32.6,0
1732227214.1682637,22.1,-10.5
1732227214.2806847,21.7,0
1732227214.3933942,21.7,0
1732227214.506412,21.7,0
1732227214.6192346,22.8,0
1732227214.7323518,20.4,-12.200000000000003
1732227214.845985,34.9,0
1732227214.959352,35.3,0
1732227215.0731301,34.9,0
1732227215.1868954,34.7,0
1732227215.2999442,34.7,0
1732227215.4149911,34.5,0
1732227215.528715,34.0,0
1732227215.6430283,34.0,0
1732227215.7570522,34.5,0
1732227215.870869,34.7,0
1732227215.9850008,34.9,0
1732227216.0988896,34.9,0
1732227216.2135758,35.7,0
1732227216.3281608,35.9,0
1732227216.4430244,37.6,0
1732227216.5577204,37.6,0
1732227216.6715171,44.8,0
1732227216.787276,42.8,0
1732227216.902215,43.5,0
1732227217.0185046,40.8,0
1732227217.1357236,40.1,0
1732227217.2529118,39.1,0
1732227217.3694913,39.1,0
1732227217.4859793,38.9,0
1732227217.602787,38.5,0
1732227217.719741,38.5,0
1732227217.8367126,38.9,0
1732227217.95338,39.1,0
1732227218.0705113,39.2,0
1732227218.1875036,39.7,0
1732227218.3037753,39.9,0
1732227218.4203856,41.1,0
1732227218.5367734,42.8,0
1732227218.6540098,44.5,0
1732227218.7708738,44.7,0
1732227218.8881652,44.7,0
1732227219.005826,81.9,-173.1
1732227219.1224885,79.6,0
1732227219.239131,79.2,0
1732227219.355806,78.0,0
1732227219.4721437,78.0,0
1732227219.5905926,77.3,0
1732227219.7065215,77.3,0
1732227219.824671,77.3,0
1732227219.9416413,77.3,0
1732227220.060531,77.3,0
1732227220.1777222,78.0,0
1732227220.296211,78.0,0
1732227220.413763,78.8,0
1732227220.5312154,79.6,0
1732227220.6492672,81.0,0
1732227220.767909,109.6,0
1732227220.8858778,109.3,0
1732227221.0044515,109.7,0
1732227221.1218352,109.7,0
1732227221.239955,109.9,0
1732227221.358227,110.5,0
1732227221.4771872,32.6,0
1732227221.5951328,32.6,0
1732227221.7141047,32.6,0
1732227221.8331702,32.6,0
1732227221.951521,32.1,0
1732227222.070064,32.1,0
1732227222.1888356,32.1,0
1732227222.30741,32.6,0
1732227222.4263198,32.6,0
1732227222.5463235,32.1,0
1732227222.666027,36.5,0
1732227222.785189,36.5,0
1732227222.905225,36.5,0
1732227223.0233908,22.9,-13.600000000000001
1732227223.143281,19.5,0
1732227223.263672,77.4,63.7
1732227223.3836992,14.9,0
1732227223.504199,32.6,0
1732227223.6238837,32.6,0
1732227223.7428892,13.5,0
1732227223.8636832,13.5,0
1732227223.9839537,14.5,0
1732227224.1038783,14.5,0
1732227224.2228403,34.7,20.200000000000003
1732227224.3436828,34.9,0
1732227224.4634378,34.5,0
1732227224.5836985,34.7,0
1732227224.7044196,32.6,0
1732227224.8238788,32.6,0
1732227224.9442103,12.1,0
1732227225.065757,12.1,0
1732227225.1871026,12.8,0
1732227225.310033,14.5,0
1732227225.4322522,33.8,19.299999999999997
1732227225.5541782,34.9,0
1732227225.6764252,34.5,0
1732227225.7987733,32.6,0
1732227225.9215288,32.6,0
1732227226.0440779,13.0,-19.6
1732227226.1671007,12.1,0
1732227226.2899575,12.1,0
1732227226.4121175,13.0,0
1732227226.5346289,13.7,0
1732227226.657374,75.6,61.89999999999999
1732227226.7804966,75.0,0
1732227226.903252,75.0,0
1732227227.0257568,75.0,0
1732227227.149893,75.6,0
1732227227.2733648,84.0,0
1732227227.396199,12.0,0
1732227227.5192082,12.0,0
1732227227.642428,12.0,0
1732227227.7658985,13.0,0
1732227227.8895452,13.7,0
1732227228.0123613,75.6,61.89999999999999
1732227228.1360588,75.6,0
1732227228.2595153,75.0,0
1732227228.3831716,75.6,0
1732227228.5081613,38.5,0
1732227228.6322296,84.1,0
1732227228.7568526,12.0,0
1732227228.8814344,12.0,0
1732227229.005986,12.0,0
1732227229.1301413,12.8,0
1732227229.254364,82.5,68.2
1732227229.378347,81.9,0
1732227229.5033085,81.9,0
1732227229.6273851,83.3,0
1732227229.7523258,12.0,-72.1
1732227229.87695,12.0,0
1732227230.002126,12.0,0
1732227230.1280537,12.0,0
1732227230.253377,14.3,0
1732227230.3782594,81.0,0
1732227230.5036864,81.0,0
1732227230.6286347,81.0,0
1732227230.7537835,83.4,0
1732227230.8791144,12.1,-72.0
1732227231.0047877,12.0,0
1732227231.1304975,12.0,0
1732227231.256126,13.0,0
1732227231.382048,78.6,63.89999999999999
1732227231.5082867,78.6,0
1732227231.6344156,78.6,0
1732227231.760954,78.6,0
1732227231.8876781,84.3,0
1732227232.014109,12.0,0
1732227232.1400213,12.0,0
1732227232.2664711,12.1,0
1732227232.39291,14.9,0
1732227232.5198581,14.9,0
1732227232.6457636,75.6,0
1732227232.7734692,75.6,0
1732227232.899927,37.6,-37.99999999999999
1732227233.0266938,37.6,0
1732227233.153438,13.5,-24.1
1732227233.2805877,12.6,0
1732227233.4082084,12.6,0
1732227233.5354838,14.7,0
1732227233.6623452,14.7,0
1732227233.7897239,14.7,0
1732227233.916378,75.0,0
1732227234.0441055,75.0,0
1732227234.1715233,75.0,0
1732227234.2997036,32.8,-42.8
1732227234.428927,32.8,0
1732227234.5579994,84.7,0
1732227234.6865127,84.1,0
1732227234.8163047,12.0,-72.8
1732227234.945134,12.2,0
1732227235.0742457,12.2,0
1732227235.2035916,11.8,0
1732227235.3321981,12.2,0
1732227235.4612036,13.0,0
1732227235.590611,13.9,0
1732227235.7191503,82.5,0
1732227235.8489223,82.5,0
1732227235.9782274,82.5,0
1732227236.107611,83.9,0
1732227236.2361534,84.2,0
1732227236.3661802,11.3,-74.2
1732227236.4964197,11.8,0
1732227236.6264803,11.8,0
1732227236.757041,12.2,0
1732227236.886754,12.2,0
1732227237.0163314,14.3,0
1732227237.14641,14.3,0
1732227237.2766042,75.7,61.400000000000006
1732227237.4068608,75.7,0
1732227237.5367785,75.7,0
1732227237.666158,75.8,0
1732227237.7970028,75.8,0
1732227237.9281352,85.3,0
1732227238.0573492,12.2,0
1732227238.187091,12.2,0
1732227238.316348,12.2,0
1732227238.4466474,13.5,0
1732227238.576234,13.9,0
1732227238.7052872,13.9,0
1732227238.8345962,75.0,0
1732227238.9651933,75.0,0
1732227239.095151,75.0,0
1732227239.225359,75.7,0
1732227239.3555355,78.0,0
1732227239.4857633,24.3,-53.7
1732227239.6165755,37.6,13.3
1732227239.747793,32.6,0
1732227239.8775165,39.9,0
1732227240.0090575,39.1,-14.100000000000001
1732227240.1397712,37.0,0
1732227240.2700129,36.4,0
1732227240.4006367,35.7,0
1732227240.5321443,34.8,0
1732227240.6640813,34.8,0
1732227240.7969995,34.9,0
1732227240.9290357,34.9,0
1732227241.0608976,34.9,0
1732227241.191805,34.8,0
1732227241.3234148,32.4,0
1732227241.4543555,35.5,0
1732227241.5859017,36.6,0
1732227241.717895,38.5,0
1732227241.8499935,55.3,17.0
1732227241.9826765,37.6,0
1732227242.1173034,38.4,0
1732227242.2501228,43.1,-12.199999999999996
1732227242.3823202,40.8,0
1732227242.5187278,39.7,0
1732227242.6629546,39.2,0
1732227242.8018174,39.1,0
